<?xml version="1.0" encoding="utf-8" ?>
<Patch>

  <!-- Why is this redundant mod check here? Isn't this the mod this patch belongs to? -->
  <!-- Yes my dear friend, this is so users of the framework can quickly copy-paste this patch -->

  <Operation Class="PatchOperationFindMod">
    <mods>
      <li>[SYR] Trait Value</li>
    </mods>
    <match Class="PatchOperationSequence">
      <operations>
        <!-- Vanilla Spectrum Traits -->
        <li Class="PatchOperationAddModExtension">
          <xpath>*/TraitDef[defName = "SYR_Agile"]</xpath>
          <value>
            <li Class="SyrTraitValue.TraitValueExtension">
              <traitValues>
                <li>20</li>
              </traitValues>
            </li>
          </value>
        </li>
        <li Class="PatchOperationAddModExtension">
          <xpath>*/TraitDef[defName = "SYR_AnimalAffinity"]</xpath>
          <value>
            <li Class="SyrTraitValue.TraitValueExtension">
              <traitValues>
                <li>20</li>
              </traitValues>
            </li>
          </value>
        </li>
        <li Class="PatchOperationAddModExtension">
          <xpath>*/TraitDef[defName = "SYR_Architect"]</xpath>
          <value>
            <li Class="SyrTraitValue.TraitValueExtension">
              <traitValues>
                <li>20</li>
              </traitValues>
            </li>
          </value>
        </li>
        <li Class="PatchOperationAddModExtension">
          <xpath>*/TraitDef[defName = "SYR_CreativeThinker"]</xpath>
          <value>
            <li Class="SyrTraitValue.TraitValueExtension">
              <traitValues>
                <li>10</li>
              </traitValues>
            </li>
          </value>
        </li>
        <li Class="PatchOperationAddModExtension">
          <xpath>*/TraitDef[defName = "SYR_GoodFortune"]</xpath>
          <value>
            <li Class="SyrTraitValue.TraitValueExtension">
              <traitValues>
                <li>20</li>
              </traitValues>
            </li>
          </value>
        </li>
        <li Class="PatchOperationAddModExtension">
          <xpath>*/TraitDef[defName = "SYR_GreenThumb"]</xpath>
          <value>
            <li Class="SyrTraitValue.TraitValueExtension">
              <traitValues>
                <li>20</li>
              </traitValues>
            </li>
          </value>
        </li>
        <li Class="PatchOperationAddModExtension">
          <xpath>*/TraitDef[defName = "SYR_GunNut"]</xpath>
          <value>
            <li Class="SyrTraitValue.TraitValueExtension">
              <traitValues>
                <li>20</li>
              </traitValues>
            </li>
          </value>
        </li>
        <li Class="PatchOperationAddModExtension">
          <xpath>*/TraitDef[defName = "SYR_HandEyeCoordination"]</xpath>
          <value>
            <li Class="SyrTraitValue.TraitValueExtension">
              <traitValues>
                <li>30</li>
              </traitValues>
            </li>
          </value>
        </li>
        <li Class="PatchOperationAddModExtension">
          <xpath>*/TraitDef[defName = "SYR_KeenEye"]</xpath>
          <value>
            <li Class="SyrTraitValue.TraitValueExtension">
              <traitValues>
                <li>20</li>
              </traitValues>
            </li>
          </value>
        </li>
        <li Class="PatchOperationAddModExtension">
          <xpath>*/TraitDef[defName = "SYR_MechanoidExpert"]</xpath>
          <value>
            <li Class="SyrTraitValue.TraitValueExtension">
              <traitValues>
                <li>10</li>
              </traitValues>
            </li>
          </value>
        </li>
        <li Class="PatchOperationAddModExtension">
          <xpath>*/TraitDef[defName = "SYR_Perfectionist"]</xpath>
          <value>
            <li Class="SyrTraitValue.TraitValueExtension">
              <traitValues>
                <li>20</li>
              </traitValues>
            </li>
          </value>
        </li>
        <li Class="PatchOperationAddModExtension">
          <xpath>*/TraitDef[defName = "SYR_Haggler"]</xpath>
          <value>
            <li Class="SyrTraitValue.TraitValueExtension">
              <traitValues>
                <li>20</li>
              </traitValues>
            </li>
          </value>
        </li>
        <li Class="PatchOperationAddModExtension">
          <xpath>*/TraitDef[defName = "SYR_SteadyHands"]</xpath>
          <value>
            <li Class="SyrTraitValue.TraitValueExtension">
              <traitValues>
                <li>30</li>
              </traitValues>
            </li>
          </value>
        </li>
        <li Class="PatchOperationAddModExtension">
          <xpath>*/TraitDef[defName = "SYR_StrongBack"]</xpath>
          <value>
            <li Class="SyrTraitValue.TraitValueExtension">
              <traitValues>
                <li>10</li>
              </traitValues>
            </li>
          </value>
        </li>
      </operations>
    </match>
  </Operation>



</Patch>